{
  "total_saved": 0.14723399999999998,
  "sessions": [],
  "daily_stats": {
    "2026-02-15": {
      "total_tasks": 38,
      "ollama_tasks": 38,
      "sonnet_tasks": 0,
      "total_saved": 0.14723399999999998,
      "total_cost": 0.0
    }
  }
}