{
  "total_saved": 0.24224400000000001,
  "sessions": [],
  "daily_stats": {
    "2026-02-15": {
      "total_tasks": 60,
      "ollama_tasks": 60,
      "sonnet_tasks": 0,
      "total_saved": 0.24224400000000001,
      "total_cost": 0.0
    }
  }
}